<sources>
    <programs>
        <default pathversion="1"></default>
    </programs>
    <video>
        <default pathversion="1"></default>
        <source>
            <name>Tv</name>
            <path pathversion="1">/storage/emulated/0/Downloader/Tv/</path>
            <allowsharing>true</allowsharing>
        </source>
    </video>
    <music>
        <default pathversion="1"></default>
    </music>
    <pictures>
        <default pathversion="1"></default>
    </pictures>
    <files>
        <default pathversion="1"></default>
        <source>
            <name>files</name>
            <path pathversion="1">/storage/emulated/0/Android/data/org.xbmc.kodi/files/</path>
            <allowsharing>true</allowsharing>
        </source>
        <source>
            <name>0</name>
            <path pathversion="1">/storage/emulated/0/</path>
            <allowsharing>true</allowsharing>
        </source>
    </files>
    <games>
        <default pathversion="1"></default>
    </games>
</sources>
